{"cameraMode":{"drawMode":0,"name":"Shaded","section":"Shading Mode"},"sceneLighting":false,"audioPlay":false,"sceneViewState":{"m_AlwaysRefresh":true,"showFog":true,"showSkybox":false,"showFlares":true,"showImageEffects":true,"showParticleSystems":true,"showVisualEffectGraphs":true,"m_FxEnabled":false},"in2DMode":false,"pivot":{"x":-5.960464477539063e-8,"y":0.34955111145973208,"z":-0.07668465375900269},"rotation":{"x":-0.0014158403500914574,"y":0.9281970858573914,"z":-0.3717210590839386,"w":-0.002612127223983407},"size":1.1000844240188599,"orthographic":false}