{"cameraMode":{"drawMode":0,"name":"Shaded","section":"Shading Mode"},"sceneLighting":false,"audioPlay":false,"sceneViewState":{"m_AlwaysRefresh":true,"showFog":true,"showSkybox":false,"showFlares":true,"showImageEffects":true,"showParticleSystems":true,"showVisualEffectGraphs":true,"m_FxEnabled":false},"in2DMode":false,"pivot":{"x":0.04889509454369545,"y":1.3002749681472779,"z":2.201653003692627},"rotation":{"x":0.0030970012303441765,"y":-0.996490478515625,"z":0.07029388844966889,"w":0.04548805579543114},"size":1.286242127418518,"orthographic":false}