{"cameraMode":{"drawMode":0,"name":"Shaded","section":"Shading Mode"},"sceneLighting":false,"audioPlay":false,"sceneViewState":{"m_AlwaysRefresh":true,"showFog":true,"showSkybox":false,"showFlares":true,"showImageEffects":true,"showParticleSystems":true,"showVisualEffectGraphs":true,"m_FxEnabled":false},"in2DMode":false,"pivot":{"x":0.02113979309797287,"y":-0.5251544117927551,"z":-0.1117849349975586},"rotation":{"x":0.37278690934181216,"y":0.03605357185006142,"z":-0.01549002155661583,"w":0.9269217848777771},"size":0.7042418718338013,"orthographic":false}