{"cameraMode":{"drawMode":0,"name":"Shaded","section":"Shading Mode"},"sceneLighting":false,"audioPlay":false,"sceneViewState":{"m_AlwaysRefresh":true,"showFog":true,"showSkybox":false,"showFlares":true,"showImageEffects":true,"showParticleSystems":true,"showVisualEffectGraphs":true,"m_FxEnabled":false},"in2DMode":false,"pivot":{"x":0.07913332432508469,"y":0.011614382266998291,"z":-0.20196786522865296},"rotation":{"x":0.30380553007125857,"y":0.03154252842068672,"z":-0.010502543300390244,"w":0.9520109295845032},"size":0.2564142346382141,"orthographic":false}