{"cameraMode":{"drawMode":0,"name":"Shaded","section":"Shading Mode"},"sceneLighting":false,"audioPlay":false,"sceneViewState":{"m_AlwaysRefresh":true,"showFog":true,"showSkybox":false,"showFlares":true,"showImageEffects":true,"showParticleSystems":true,"showVisualEffectGraphs":true,"m_FxEnabled":false},"in2DMode":false,"pivot":{"x":0.005243316292762756,"y":3.315218687057495,"z":-0.0031552910804748537},"rotation":{"x":0.2142535299062729,"y":0.19056397676467896,"z":-0.04340764135122299,"w":0.9568712711334229},"size":3.5317165851593019,"orthographic":false}