{"cameraMode":{"drawMode":0,"name":"Shaded","section":"Shading Mode"},"sceneLighting":false,"audioPlay":false,"sceneViewState":{"m_AlwaysRefresh":true,"showFog":true,"showSkybox":false,"showFlares":true,"showImageEffects":true,"showParticleSystems":true,"showVisualEffectGraphs":true,"m_FxEnabled":false},"in2DMode":false,"pivot":{"x":0.3630259335041046,"y":0.966292142868042,"z":0.3951669931411743},"rotation":{"x":-0.0014158403500914574,"y":0.9281970858573914,"z":-0.3717210590839386,"w":-0.002612127223983407},"size":0.6538554430007935,"orthographic":false}