{"cameraMode":{"drawMode":0,"name":"Shaded","section":"Shading Mode"},"sceneLighting":false,"audioPlay":false,"sceneViewState":{"m_AlwaysRefresh":true,"showFog":true,"showSkybox":false,"showFlares":true,"showImageEffects":true,"showParticleSystems":true,"showVisualEffectGraphs":true,"m_FxEnabled":false},"in2DMode":false,"pivot":{"x":-0.19840234518051148,"y":-0.1699371039867401,"z":0.08916747570037842},"rotation":{"x":0.025405412539839746,"y":0.9730578064918518,"z":-0.14715483784675599,"w":0.17458263039588929},"size":0.8633407950401306,"orthographic":false}