{"cameraMode":{"drawMode":0,"name":"Shaded","section":"Shading Mode"},"sceneLighting":false,"audioPlay":false,"sceneViewState":{"m_AlwaysRefresh":true,"showFog":true,"showSkybox":false,"showFlares":true,"showImageEffects":true,"showParticleSystems":true,"showVisualEffectGraphs":true,"m_FxEnabled":false},"in2DMode":false,"pivot":{"x":-0.03204988315701485,"y":0.12103298306465149,"z":0.44771116971969607},"rotation":{"x":0.0237849410623312,"y":-0.9688950777053833,"z":0.22466224431991578,"w":0.09954030811786652},"size":0.25091153383255007,"orthographic":false}