{"cameraMode":{"drawMode":0,"name":"Shaded","section":"Shading Mode"},"sceneLighting":false,"audioPlay":false,"sceneViewState":{"m_AlwaysRefresh":true,"showFog":true,"showSkybox":false,"showFlares":true,"showImageEffects":true,"showParticleSystems":true,"showVisualEffectGraphs":true,"m_FxEnabled":false},"in2DMode":false,"pivot":{"x":-1.984665870666504,"y":0.9527772665023804,"z":-1.6037790775299073},"rotation":{"x":-0.009478054940700531,"y":-0.6137949824333191,"z":0.007229231763631105,"w":-0.7893872857093811},"size":0.7792320847511292,"orthographic":false}