{"cameraMode":{"drawMode":0,"name":"Shaded","section":"Shading Mode"},"sceneLighting":false,"audioPlay":false,"sceneViewState":{"m_AlwaysRefresh":true,"showFog":true,"showSkybox":false,"showFlares":true,"showImageEffects":true,"showParticleSystems":true,"showVisualEffectGraphs":true,"m_FxEnabled":false},"in2DMode":false,"pivot":{"x":-0.03466200828552246,"y":0.05273526906967163,"z":-0.15236175060272218},"rotation":{"x":0.29682257771492007,"y":0.007278626784682274,"z":-0.002699614502489567,"w":0.9547597169876099},"size":2.278128147125244,"orthographic":false}