{"cameraMode":{"drawMode":0,"name":"Shaded","section":"Shading Mode"},"sceneLighting":false,"audioPlay":false,"sceneViewState":{"m_AlwaysRefresh":true,"showFog":true,"showSkybox":true,"showFlares":true,"showImageEffects":true,"showParticleSystems":true,"showVisualEffectGraphs":true,"m_FxEnabled":false},"in2DMode":false,"pivot":{"x":401.8302917480469,"y":9.783903121948243,"z":-18.615432739257814},"rotation":{"x":0.026906074956059457,"y":0.0013759736903011799,"z":-0.0014101662673056126,"w":0.9994251132011414},"size":8.598093032836914,"orthographic":false}