{"cameraMode":{"drawMode":0,"name":"Shaded","section":"Shading Mode"},"sceneLighting":false,"audioPlay":false,"sceneViewState":{"m_AlwaysRefresh":true,"showFog":true,"showSkybox":true,"showFlares":true,"showImageEffects":true,"showParticleSystems":true,"showVisualEffectGraphs":true,"m_FxEnabled":false},"in2DMode":false,"pivot":{"x":7.52901029586792,"y":8.649378776550293,"z":-3.4610867500305177},"rotation":{"x":-0.013135558925569058,"y":-0.9751713275909424,"z":0.21477960050106049,"w":-0.06425510346889496},"size":0.8660253882408142,"orthographic":false}