{"cameraMode":{"drawMode":0,"name":"Shaded","section":"Shading Mode"},"sceneLighting":false,"audioPlay":false,"sceneViewState":{"m_AlwaysRefresh":true,"showFog":true,"showSkybox":true,"showFlares":true,"showImageEffects":true,"showParticleSystems":true,"showVisualEffectGraphs":true,"m_FxEnabled":false},"in2DMode":false,"pivot":{"x":9.31712818145752,"y":-15.665191650390625,"z":20.916608810424806},"rotation":{"x":-0.2894035875797272,"y":-0.14704671502113343,"z":0.045007359236478809,"w":-0.9451901912689209},"size":13.240099906921387,"orthographic":false}