{"cameraMode":{"drawMode":0,"name":"Shaded","section":"Shading Mode"},"sceneLighting":false,"audioPlay":false,"sceneViewState":{"m_AlwaysRefresh":true,"showFog":true,"showSkybox":true,"showFlares":true,"showImageEffects":true,"showParticleSystems":true,"showVisualEffectGraphs":true,"m_FxEnabled":false},"in2DMode":false,"pivot":{"x":30.380516052246095,"y":-73.1497573852539,"z":290.95404052734377},"rotation":{"x":-0.12585073709487916,"y":-0.05051593482494354,"z":0.008491916581988335,"w":-0.9910485148429871},"size":131.40118408203126,"orthographic":false}