{"cameraMode":{"drawMode":0,"name":"Shaded","section":"Shading Mode"},"sceneLighting":false,"audioPlay":false,"sceneViewState":{"m_AlwaysRefresh":true,"showFog":true,"showSkybox":true,"showFlares":true,"showImageEffects":true,"showParticleSystems":true,"showVisualEffectGraphs":true,"m_FxEnabled":false},"in2DMode":false,"pivot":{"x":192.5821075439453,"y":19.621646881103517,"z":-230.6304168701172},"rotation":{"x":-0.012867309153079987,"y":-0.06953109055757523,"z":0.0008871206664480269,"w":-0.9975019693374634},"size":45.796669006347659,"orthographic":false}