{"cameraMode":{"drawMode":0,"name":"Shaded","section":"Shading Mode"},"sceneLighting":false,"audioPlay":false,"sceneViewState":{"m_AlwaysRefresh":true,"showFog":true,"showSkybox":true,"showFlares":true,"showImageEffects":true,"showParticleSystems":true,"showVisualEffectGraphs":true,"m_FxEnabled":false},"in2DMode":false,"pivot":{"x":-12.980034828186036,"y":-11.290417671203614,"z":-22.46082878112793},"rotation":{"x":-0.10274005681276322,"y":0.8946287631988525,"z":-0.33980727195739748,"w":-0.27312296628952029},"size":11.903072357177735,"orthographic":false}