{"cameraMode":{"drawMode":0,"name":"Shaded","section":"Shading Mode"},"sceneLighting":false,"audioPlay":false,"sceneViewState":{"m_AlwaysRefresh":true,"showFog":true,"showSkybox":true,"showFlares":true,"showImageEffects":true,"showParticleSystems":true,"showVisualEffectGraphs":true,"m_FxEnabled":false},"in2DMode":false,"pivot":{"x":17.131988525390626,"y":3.0596706867218019,"z":14.850899696350098},"rotation":{"x":0.005824683699756861,"y":-0.31418636441230776,"z":0.0014168107882142068,"w":-0.9497489333152771},"size":12.676572799682618,"orthographic":false}