{"cameraMode":{"drawMode":0,"name":"Shaded","section":"Shading Mode"},"sceneLighting":false,"audioPlay":false,"sceneViewState":{"m_AlwaysRefresh":true,"showFog":true,"showSkybox":true,"showFlares":true,"showImageEffects":true,"showParticleSystems":true,"showVisualEffectGraphs":true,"m_FxEnabled":false},"in2DMode":false,"pivot":{"x":409.4418640136719,"y":54.805328369140628,"z":-177.1386260986328},"rotation":{"x":-0.05800319090485573,"y":0.052649278193712237,"z":0.00032303915941156447,"w":-0.9973094463348389},"size":25.775930404663087,"orthographic":false}