{"cameraMode":{"drawMode":0,"name":"Shaded","section":"Shading Mode"},"sceneLighting":true,"audioPlay":false,"sceneViewState":{"m_AlwaysRefresh":true,"showFog":true,"showSkybox":true,"showFlares":true,"showImageEffects":true,"showParticleSystems":true,"showVisualEffectGraphs":true,"m_FxEnabled":true},"in2DMode":false,"pivot":{"x":-28.246402740478517,"y":2.4642069339752199,"z":-1.3121223449707032},"rotation":{"x":-0.08288092166185379,"y":-0.9009369611740112,"z":0.20327679812908173,"w":-0.3754747807979584},"size":3.1472537517547609,"orthographic":false}