{"cameraMode":{"drawMode":0,"name":"Shaded","section":"Shading Mode"},"sceneLighting":false,"audioPlay":false,"sceneViewState":{"m_AlwaysRefresh":true,"showFog":true,"showSkybox":true,"showFlares":true,"showImageEffects":true,"showParticleSystems":true,"showVisualEffectGraphs":true,"m_FxEnabled":false},"in2DMode":false,"pivot":{"x":-7.879814147949219,"y":2.7688751220703127,"z":14.070932388305664},"rotation":{"x":-0.04762241616845131,"y":-0.07971243560314179,"z":0.0032956330105662348,"w":-0.9962326884269714},"size":11.903072357177735,"orthographic":false}