{"cameraMode":{"drawMode":0,"name":"Shaded","section":"Shading Mode"},"sceneLighting":false,"audioPlay":false,"sceneViewState":{"m_AlwaysRefresh":true,"showFog":true,"showSkybox":false,"showFlares":true,"showImageEffects":true,"showParticleSystems":true,"showVisualEffectGraphs":true,"m_FxEnabled":false},"in2DMode":false,"pivot":{"x":-0.07794064283370972,"y":0.083186075091362,"z":-0.01845211535692215},"rotation":{"x":-0.04882284626364708,"y":-0.7569004893302918,"z":-0.05890312418341637,"w":0.6488122940063477},"size":0.13729405403137208,"orthographic":false}