{"cameraMode":{"drawMode":0,"name":"Shaded","section":"Shading Mode"},"sceneLighting":false,"audioPlay":false,"sceneViewState":{"m_AlwaysRefresh":true,"showFog":true,"showSkybox":false,"showFlares":true,"showImageEffects":true,"showParticleSystems":true,"showVisualEffectGraphs":true,"m_FxEnabled":false},"in2DMode":false,"pivot":{"x":2.855590581893921,"y":-0.21701163053512574,"z":3.9240550994873049},"rotation":{"x":0.3715461492538452,"y":-0.029305316507816316,"z":0.010885863564908505,"w":0.9276896715164185},"size":5.030500411987305,"orthographic":false}