{"cameraMode":{"drawMode":0,"name":"Shaded","section":"Shading Mode"},"sceneLighting":false,"audioPlay":false,"sceneViewState":{"m_AlwaysRefresh":true,"showFog":true,"showSkybox":false,"showFlares":true,"showImageEffects":true,"showParticleSystems":true,"showVisualEffectGraphs":true,"m_FxEnabled":false},"in2DMode":false,"pivot":{"x":0.20885640382766725,"y":0.33881086111068728,"z":0.18109142780303956},"rotation":{"x":0.11475886404514313,"y":-0.08456392586231232,"z":0.009508189745247364,"w":0.9896416664123535},"size":0.48463010787963869,"orthographic":false}