{"cameraMode":{"drawMode":0,"name":"Shaded","section":"Shading Mode"},"sceneLighting":false,"audioPlay":false,"sceneViewState":{"m_AlwaysRefresh":true,"showFog":true,"showSkybox":false,"showFlares":true,"showImageEffects":true,"showParticleSystems":true,"showVisualEffectGraphs":true,"m_FxEnabled":false},"in2DMode":false,"pivot":{"x":0.03572974354028702,"y":0.057675570249557498,"z":-0.010559827089309693},"rotation":{"x":0.04358483478426933,"y":-0.9351040124893189,"z":0.32954880595207217,"w":0.12157948315143585},"size":0.1949562132358551,"orthographic":false}