{"cameraMode":{"drawMode":0,"name":"Shaded","section":"Shading Mode"},"sceneLighting":false,"audioPlay":false,"sceneViewState":{"m_AlwaysRefresh":true,"showFog":true,"showSkybox":false,"showFlares":true,"showImageEffects":true,"showParticleSystems":true,"showVisualEffectGraphs":true,"m_FxEnabled":false},"in2DMode":false,"pivot":{"x":0.23212532699108125,"y":0.06696528196334839,"z":0.04664299264550209},"rotation":{"x":0.1173916608095169,"y":-0.6778877377510071,"z":0.11046112328767777,"w":0.7170901894569397},"size":0.27645885944366457,"orthographic":false}