{"cameraMode":{"drawMode":0,"name":"Shaded","section":"Shading Mode"},"sceneLighting":false,"audioPlay":false,"sceneViewState":{"m_AlwaysRefresh":true,"showFog":true,"showSkybox":false,"showFlares":true,"showImageEffects":true,"showParticleSystems":true,"showVisualEffectGraphs":true,"m_FxEnabled":false},"in2DMode":false,"pivot":{"x":-0.08847250044345856,"y":0.26957452297210696,"z":-0.0060114264488220219},"rotation":{"x":0.3436543047428131,"y":0.013997897505760193,"z":-0.006102810613811016,"w":0.9388096332550049},"size":0.7271131873130798,"orthographic":false}