{"cameraMode":{"drawMode":0,"name":"Shaded","section":"Shading Mode"},"sceneLighting":false,"audioPlay":false,"sceneViewState":{"m_AlwaysRefresh":false,"showFog":true,"showSkybox":false,"showFlares":true,"showImageEffects":true,"showParticleSystems":true,"showVisualEffectGraphs":true,"m_FxEnabled":true},"in2DMode":false,"pivot":{"x":-0.24500048160552979,"y":0.0679999515414238,"z":0.03800014406442642},"rotation":{"x":0.046966616064310077,"y":0.03488154336810112,"z":0.0016335732070729137,"w":-0.9984601140022278},"size":0.10143076628446579,"orthographic":false}