{"cameraMode":{"drawMode":0,"name":"Shaded","section":"Shading Mode"},"sceneLighting":false,"audioPlay":false,"sceneViewState":{"m_AlwaysRefresh":true,"showFog":true,"showSkybox":false,"showFlares":true,"showImageEffects":true,"showParticleSystems":true,"showVisualEffectGraphs":true,"m_FxEnabled":true},"in2DMode":false,"pivot":{"x":-2.2224366664886476,"y":1.1322035789489747,"z":0.39157363772392275},"rotation":{"x":0.12985119223594666,"y":0.024353796616196634,"z":-0.000911722716409713,"w":0.991858959197998},"size":2.0423712730407717,"orthographic":false}