{"cameraMode":{"drawMode":0,"name":"Shaded","section":"Shading Mode"},"sceneLighting":false,"audioPlay":false,"sceneViewState":{"m_AlwaysRefresh":true,"showFog":true,"showSkybox":false,"showFlares":true,"showImageEffects":true,"showParticleSystems":true,"showVisualEffectGraphs":true,"m_FxEnabled":false},"in2DMode":false,"pivot":{"x":-4.284083843231201e-7,"y":-3.725290298461914e-8,"z":-0.000001261010766029358},"rotation":{"x":0.3436543047428131,"y":0.013997897505760193,"z":-0.006102810613811016,"w":0.9388096332550049},"size":0.1294431984424591,"orthographic":false}