{"cameraMode":{"drawMode":0,"name":"Shaded","section":"Shading Mode"},"sceneLighting":false,"audioPlay":false,"sceneViewState":{"m_AlwaysRefresh":true,"showFog":true,"showSkybox":false,"showFlares":true,"showImageEffects":true,"showParticleSystems":true,"showVisualEffectGraphs":true,"m_FxEnabled":false},"in2DMode":false,"pivot":{"x":-0.0005521774291992188,"y":-0.0003147721290588379,"z":0.13471920788288117},"rotation":{"x":0.001802476472221315,"y":0.9979592561721802,"z":-0.0493629164993763,"w":0.03895275667309761},"size":0.9035751223564148,"orthographic":false}