{"cameraMode":{"drawMode":0,"name":"Shaded","section":"Shading Mode"},"sceneLighting":false,"audioPlay":false,"sceneViewState":{"m_AlwaysRefresh":true,"showFog":true,"showSkybox":false,"showFlares":true,"showImageEffects":true,"showParticleSystems":true,"showVisualEffectGraphs":true,"m_FxEnabled":true},"in2DMode":false,"pivot":{"x":-1.2750561237335206,"y":0.5052144527435303,"z":0.22958704829216004},"rotation":{"x":0.12985119223594666,"y":0.024353796616196634,"z":-0.000911722716409713,"w":0.991858959197998},"size":1.2129034996032715,"orthographic":false}