{"cameraMode":{"drawMode":0,"name":"Shaded","section":"Shading Mode"},"sceneLighting":false,"audioPlay":false,"sceneViewState":{"m_AlwaysRefresh":true,"showFog":true,"showSkybox":false,"showFlares":true,"showImageEffects":true,"showParticleSystems":true,"showVisualEffectGraphs":true,"m_FxEnabled":false},"in2DMode":false,"pivot":{"x":0.5544719099998474,"y":-0.02367519773542881,"z":0.17181779444217683},"rotation":{"x":0.24215616285800935,"y":-0.17905984818935395,"z":0.045116160064935687,"w":0.9523630738258362},"size":0.7911895513534546,"orthographic":false}