{"cameraMode":{"drawMode":0,"name":"Shaded","section":"Shading Mode"},"sceneLighting":false,"audioPlay":false,"sceneViewState":{"m_AlwaysRefresh":true,"showFog":true,"showSkybox":false,"showFlares":true,"showImageEffects":true,"showParticleSystems":true,"showVisualEffectGraphs":true,"m_FxEnabled":false},"in2DMode":false,"pivot":{"x":-0.08928970992565155,"y":0.1846552938222885,"z":0.4280153214931488},"rotation":{"x":0.06976484507322312,"y":0.11809628456830979,"z":-0.0090754684060812,"w":0.9903386235237122},"size":0.3616565465927124,"orthographic":false}