{"cameraMode":{"drawMode":0,"name":"Shaded","section":"Shading Mode"},"sceneLighting":false,"audioPlay":false,"sceneViewState":{"m_AlwaysRefresh":true,"showFog":true,"showSkybox":false,"showFlares":true,"showImageEffects":true,"showParticleSystems":true,"showVisualEffectGraphs":true,"m_FxEnabled":false},"in2DMode":false,"pivot":{"x":-0.008727580308914185,"y":0.006463958881795406,"z":0.0007913112640380859},"rotation":{"x":0.29682257771492007,"y":0.007278626784682274,"z":-0.002699614502489567,"w":0.9547597169876099},"size":0.20901677012443543,"orthographic":false}