{"cameraMode":{"drawMode":0,"name":"Shaded","section":"Shading Mode"},"sceneLighting":false,"audioPlay":false,"sceneViewState":{"m_AlwaysRefresh":true,"showFog":true,"showSkybox":false,"showFlares":true,"showImageEffects":true,"showParticleSystems":true,"showVisualEffectGraphs":true,"m_FxEnabled":false},"in2DMode":false,"pivot":{"x":0.25136399269104006,"y":2.5207386016845705,"z":3.327580213546753},"rotation":{"x":0.2689695954322815,"y":0.43367159366607668,"z":-0.13854312896728517,"w":0.8485791087150574},"size":2.606168508529663,"orthographic":false}