{"cameraMode":{"drawMode":0,"name":"Shaded","section":"Shading Mode"},"sceneLighting":false,"audioPlay":false,"sceneViewState":{"m_AlwaysRefresh":true,"showFog":true,"showSkybox":false,"showFlares":true,"showImageEffects":true,"showParticleSystems":true,"showVisualEffectGraphs":true,"m_FxEnabled":false},"in2DMode":false,"pivot":{"x":-0.19024105370044709,"y":0.16437587141990663,"z":0.35341477394104006},"rotation":{"x":-0.00009568136010784656,"y":-0.999729335308075,"z":0.023997914046049119,"w":-0.002706902101635933},"size":0.8883772492408752,"orthographic":false}