{"cameraMode":{"drawMode":0,"name":"Shaded","section":"Shading Mode"},"sceneLighting":false,"audioPlay":false,"sceneViewState":{"m_AlwaysRefresh":true,"showFog":true,"showSkybox":false,"showFlares":true,"showImageEffects":true,"showParticleSystems":true,"showVisualEffectGraphs":true,"m_FxEnabled":false},"in2DMode":false,"pivot":{"x":0.14016130566596986,"y":0.10806562751531601,"z":0.4708992540836334},"rotation":{"x":-0.16863010823726655,"y":0.8063542246818543,"z":-0.27323755621910097,"w":-0.4964219927787781},"size":0.5049695372581482,"orthographic":false}