{"cameraMode":{"drawMode":0,"name":"Shaded","section":"Shading Mode"},"sceneLighting":false,"audioPlay":false,"sceneViewState":{"m_AlwaysRefresh":true,"showFog":true,"showSkybox":false,"showFlares":true,"showImageEffects":true,"showParticleSystems":true,"showVisualEffectGraphs":true,"m_FxEnabled":false},"in2DMode":false,"pivot":{"x":-0.0018434524536132813,"y":0.7224562168121338,"z":-0.06246834993362427},"rotation":{"x":-0.0014158403500914574,"y":0.9281970858573914,"z":-0.3717210590839386,"w":-0.002612127223983407},"size":0.8406589031219482,"orthographic":false}