{"cameraMode":{"drawMode":0,"name":"Shaded","section":"Shading Mode"},"sceneLighting":false,"audioPlay":false,"sceneViewState":{"m_AlwaysRefresh":true,"showFog":true,"showSkybox":false,"showFlares":true,"showImageEffects":true,"showParticleSystems":true,"showVisualEffectGraphs":true,"m_FxEnabled":false},"in2DMode":false,"pivot":{"x":-0.01626873016357422,"y":9.800786972045899,"z":-0.02071237564086914},"rotation":{"x":-0.00043237570207566023,"y":0.9993065595626831,"z":-0.03440728411078453,"w":-0.008983572944998742},"size":11.508883476257325,"orthographic":false}