{"cameraMode":{"drawMode":0,"name":"Shaded","section":"Shading Mode"},"sceneLighting":false,"audioPlay":false,"sceneViewState":{"m_AlwaysRefresh":true,"showFog":true,"showSkybox":false,"showFlares":true,"showImageEffects":true,"showParticleSystems":true,"showVisualEffectGraphs":true,"m_FxEnabled":false},"in2DMode":false,"pivot":{"x":-0.4660693109035492,"y":0.13265015184879304,"z":-0.15914130210876466},"rotation":{"x":0.019085140898823739,"y":0.871103048324585,"z":-0.03561744466423988,"w":0.4890792965888977},"size":0.2463972419500351,"orthographic":false}