{"cameraMode":{"drawMode":0,"name":"Shaded","section":"Shading Mode"},"sceneLighting":false,"audioPlay":false,"sceneViewState":{"m_AlwaysRefresh":true,"showFog":true,"showSkybox":false,"showFlares":true,"showImageEffects":true,"showParticleSystems":true,"showVisualEffectGraphs":true,"m_FxEnabled":false},"in2DMode":false,"pivot":{"x":0.000002384185791015625,"y":1.4419302940368653,"z":-0.31638336181640627},"rotation":{"x":0.0237849410623312,"y":-0.9688950777053833,"z":0.22466224431991578,"w":0.09954030811786652},"size":7.749180793762207,"orthographic":false}