{"cameraMode":{"drawMode":0,"name":"Shaded","section":"Shading Mode"},"sceneLighting":false,"audioPlay":false,"sceneViewState":{"m_AlwaysRefresh":true,"showFog":true,"showSkybox":false,"showFlares":true,"showImageEffects":true,"showParticleSystems":true,"showVisualEffectGraphs":true,"m_FxEnabled":false},"in2DMode":false,"pivot":{"x":8.075479507446289,"y":1.7565970420837403,"z":-1.094581961631775},"rotation":{"x":0.04058704897761345,"y":-0.43019062280654909,"z":0.019203640520572664,"w":0.9015512466430664},"size":3.763638973236084,"orthographic":false}