{"cameraMode":{"drawMode":0,"name":"Shaded","section":"Shading Mode"},"sceneLighting":false,"audioPlay":false,"sceneViewState":{"m_AlwaysRefresh":true,"showFog":true,"showSkybox":false,"showFlares":true,"showImageEffects":true,"showParticleSystems":true,"showVisualEffectGraphs":true,"m_FxEnabled":false},"in2DMode":false,"pivot":{"x":-0.0009058117866516113,"y":0.05380798876285553,"z":0.12630528211593629},"rotation":{"x":0.038923002779483798,"y":0.2507508099079132,"z":-0.010852046310901642,"w":0.9670342206954956},"size":0.5390059947967529,"orthographic":false}