{"cameraMode":{"drawMode":0,"name":"Shaded","section":"Shading Mode"},"sceneLighting":false,"audioPlay":false,"sceneViewState":{"m_AlwaysRefresh":true,"showFog":true,"showSkybox":false,"showFlares":true,"showImageEffects":true,"showParticleSystems":true,"showVisualEffectGraphs":true,"m_FxEnabled":false},"in2DMode":false,"pivot":{"x":0.3877313733100891,"y":0.11732512712478638,"z":0.5780825018882752},"rotation":{"x":-0.01097231637686491,"y":-0.9557671546936035,"z":0.2908910810947418,"w":-0.03841758146882057},"size":0.9163157343864441,"orthographic":false}