{"cameraMode":{"drawMode":0,"name":"Shaded","section":"Shading Mode"},"sceneLighting":false,"audioPlay":false,"sceneViewState":{"m_AlwaysRefresh":true,"showFog":true,"showSkybox":false,"showFlares":true,"showImageEffects":true,"showParticleSystems":true,"showVisualEffectGraphs":true,"m_FxEnabled":false},"in2DMode":false,"pivot":{"x":0.000010192394256591797,"y":-0.0007951259613037109,"z":0.2329818159341812},"rotation":{"x":0.025405412539839746,"y":0.9730578064918518,"z":-0.14715483784675599,"w":0.17458263039588929},"size":0.9218170642852783,"orthographic":false}