{"cameraMode":{"drawMode":0,"name":"Shaded","section":"Shading Mode"},"sceneLighting":false,"audioPlay":false,"sceneViewState":{"m_AlwaysRefresh":true,"showFog":true,"showSkybox":false,"showFlares":true,"showImageEffects":true,"showParticleSystems":true,"showVisualEffectGraphs":true,"m_FxEnabled":false},"in2DMode":false,"pivot":{"x":6.19070291519165,"y":0.9616165161132813,"z":-0.005735158920288086},"rotation":{"x":0.2142535299062729,"y":0.19056397676467896,"z":-0.04340764135122299,"w":0.9568712711334229},"size":6.975278854370117,"orthographic":false}