{"cameraMode":{"drawMode":0,"name":"Shaded","section":"Shading Mode"},"sceneLighting":false,"audioPlay":false,"sceneViewState":{"m_AlwaysRefresh":true,"showFog":true,"showSkybox":false,"showFlares":true,"showImageEffects":true,"showParticleSystems":true,"showVisualEffectGraphs":true,"m_FxEnabled":false},"in2DMode":false,"pivot":{"x":0.2248430997133255,"y":0.15611083805561067,"z":0.05180168151855469},"rotation":{"x":0.058279164135456088,"y":-0.08090830594301224,"z":0.0035214214585721494,"w":0.9948112964630127},"size":0.1956823170185089,"orthographic":false}