{"cameraMode":{"drawMode":0,"name":"Shaded","section":"Shading Mode"},"sceneLighting":false,"audioPlay":false,"sceneViewState":{"m_AlwaysRefresh":true,"showFog":true,"showSkybox":false,"showFlares":true,"showImageEffects":true,"showParticleSystems":true,"showVisualEffectGraphs":true,"m_FxEnabled":false},"in2DMode":false,"pivot":{"x":0.0000036954879760742189,"y":0.16182313859462739,"z":9.238719940185547e-7},"rotation":{"x":0.22829535603523255,"y":0.16227909922599793,"z":-0.039854757487773898,"w":0.9589442014694214},"size":0.4594952464103699,"orthographic":false}