{"cameraMode":{"drawMode":0,"name":"Shaded","section":"Shading Mode"},"sceneLighting":false,"audioPlay":false,"sceneViewState":{"m_AlwaysRefresh":true,"showFog":true,"showSkybox":false,"showFlares":true,"showImageEffects":true,"showParticleSystems":true,"showVisualEffectGraphs":true,"m_FxEnabled":false},"in2DMode":false,"pivot":{"x":0.9832772016525269,"y":1.324440360069275,"z":-0.6522091031074524},"rotation":{"x":0.2759004533290863,"y":-0.07629935443401337,"z":0.021123239770531656,"w":0.9577273726463318},"size":1.2021739482879639,"orthographic":false}