{"cameraMode":{"drawMode":0,"name":"Shaded","section":"Shading Mode"},"sceneLighting":false,"audioPlay":false,"sceneViewState":{"m_AlwaysRefresh":true,"showFog":true,"showSkybox":false,"showFlares":true,"showImageEffects":true,"showParticleSystems":true,"showVisualEffectGraphs":true,"m_FxEnabled":false},"in2DMode":false,"pivot":{"x":6.75364875793457,"y":-1.0263681411743165,"z":-0.005735874176025391},"rotation":{"x":0.2142535299062729,"y":0.19056397676467896,"z":-0.04340764135122299,"w":0.9568712711334229},"size":7.242285251617432,"orthographic":false}