{"cameraMode":{"drawMode":0,"name":"Shaded","section":"Shading Mode"},"sceneLighting":false,"audioPlay":false,"sceneViewState":{"m_AlwaysRefresh":true,"showFog":true,"showSkybox":false,"showFlares":true,"showImageEffects":true,"showParticleSystems":true,"showVisualEffectGraphs":true,"m_FxEnabled":false},"in2DMode":false,"pivot":{"x":-0.2416975498199463,"y":0.23753711581230164,"z":0.016426444053649904},"rotation":{"x":0.07483460754156113,"y":-0.0016667002346366644,"z":-0.001089905621483922,"w":0.9969953894615173},"size":0.7438415288925171,"orthographic":false}