{"cameraMode":{"drawMode":0,"name":"Shaded","section":"Shading Mode"},"sceneLighting":false,"audioPlay":false,"sceneViewState":{"m_AlwaysRefresh":true,"showFog":true,"showSkybox":false,"showFlares":true,"showImageEffects":true,"showParticleSystems":true,"showVisualEffectGraphs":true,"m_FxEnabled":false},"in2DMode":false,"pivot":{"x":0.0037001371383666994,"y":0.02123880386352539,"z":1.3592820167541505},"rotation":{"x":0.13857169449329377,"y":0.15357989072799684,"z":-0.02276255562901497,"w":0.9779143333435059},"size":3.044562816619873,"orthographic":false}