{"cameraMode":{"drawMode":0,"name":"Shaded","section":"Shading Mode"},"sceneLighting":false,"audioPlay":false,"sceneViewState":{"m_AlwaysRefresh":true,"showFog":true,"showSkybox":false,"showFlares":true,"showImageEffects":true,"showParticleSystems":true,"showVisualEffectGraphs":true,"m_FxEnabled":false},"in2DMode":false,"pivot":{"x":0.8414449691772461,"y":-1.3878905773162842,"z":2.7734575271606447},"rotation":{"x":0.17524994909763337,"y":-0.4831831157207489,"z":0.09843746572732926,"w":0.8519179821014404},"size":5.053852081298828,"orthographic":false}