{"cameraMode":{"drawMode":0,"name":"Shaded","section":"Shading Mode"},"sceneLighting":false,"audioPlay":false,"sceneViewState":{"m_AlwaysRefresh":false,"showFog":true,"showSkybox":false,"showFlares":true,"showImageEffects":true,"showParticleSystems":true,"showVisualEffectGraphs":true,"m_FxEnabled":true},"in2DMode":false,"pivot":{"x":75.47348022460938,"y":3.2903566360473635,"z":-4.315639972686768},"rotation":{"x":0.04616696387529373,"y":0.08368071168661118,"z":0.005399380810558796,"w":0.996354341506958},"size":3.7500948905944826,"orthographic":false}