{"cameraMode":{"drawMode":0,"name":"Shaded","section":"Shading Mode"},"sceneLighting":false,"audioPlay":false,"sceneViewState":{"m_AlwaysRefresh":true,"showFog":true,"showSkybox":false,"showFlares":true,"showImageEffects":true,"showParticleSystems":true,"showVisualEffectGraphs":true,"m_FxEnabled":false},"in2DMode":false,"pivot":{"x":0.3244921565055847,"y":0.4026181101799011,"z":-1.2235829830169678},"rotation":{"x":0.12218896299600601,"y":0.07752281427383423,"z":-0.00997109990566969,"w":0.9892979264259338},"size":0.23512566089630128,"orthographic":false}