{"cameraMode":{"drawMode":0,"name":"Shaded","section":"Shading Mode"},"sceneLighting":false,"audioPlay":false,"sceneViewState":{"m_AlwaysRefresh":true,"showFog":true,"showSkybox":false,"showFlares":true,"showImageEffects":true,"showParticleSystems":true,"showVisualEffectGraphs":true,"m_FxEnabled":false},"in2DMode":false,"pivot":{"x":-0.07379603385925293,"y":0.01976056769490242,"z":-0.09874394536018372},"rotation":{"x":0.29682257771492007,"y":0.007278626784682274,"z":-0.002699614502489567,"w":0.9547597169876099},"size":0.7701020836830139,"orthographic":false}