{"cameraMode":{"drawMode":0,"name":"Shaded","section":"Shading Mode"},"sceneLighting":false,"audioPlay":false,"sceneViewState":{"m_AlwaysRefresh":true,"showFog":true,"showSkybox":false,"showFlares":true,"showImageEffects":true,"showParticleSystems":true,"showVisualEffectGraphs":true,"m_FxEnabled":false},"in2DMode":false,"pivot":{"x":-0.015330672264099121,"y":-2.1248762607574465,"z":0.016078904271125795},"rotation":{"x":0.27205029129981997,"y":-0.05082176998257637,"z":0.013421365059912205,"w":0.9606536030769348},"size":3.44834303855896,"orthographic":false}