{"cameraMode":{"drawMode":0,"name":"Shaded","section":"Shading Mode"},"sceneLighting":false,"audioPlay":false,"sceneViewState":{"m_AlwaysRefresh":true,"showFog":true,"showSkybox":false,"showFlares":true,"showImageEffects":true,"showParticleSystems":true,"showVisualEffectGraphs":true,"m_FxEnabled":false},"in2DMode":false,"pivot":{"x":0.021621914580464364,"y":0.19453458487987519,"z":0.5493175387382507},"rotation":{"x":0.001802476472221315,"y":0.9979592561721802,"z":-0.0493629164993763,"w":0.03895275667309761},"size":0.7631000280380249,"orthographic":false}