{"cameraMode":{"drawMode":0,"name":"Shaded","section":"Shading Mode"},"sceneLighting":false,"audioPlay":false,"sceneViewState":{"m_AlwaysRefresh":true,"showFog":true,"showSkybox":false,"showFlares":true,"showImageEffects":true,"showParticleSystems":true,"showVisualEffectGraphs":true,"m_FxEnabled":false},"in2DMode":false,"pivot":{"x":-2.0822787284851076,"y":0.8356744050979614,"z":1.2933355569839478},"rotation":{"x":0.13344994187355042,"y":0.6062050461769104,"z":-0.1054069995880127,"w":0.7766708731651306},"size":1.7237471342086793,"orthographic":false}