{"cameraMode":{"drawMode":0,"name":"Shaded","section":"Shading Mode"},"sceneLighting":false,"audioPlay":false,"sceneViewState":{"m_AlwaysRefresh":true,"showFog":true,"showSkybox":false,"showFlares":true,"showImageEffects":true,"showParticleSystems":true,"showVisualEffectGraphs":true,"m_FxEnabled":false},"in2DMode":false,"pivot":{"x":-0.984877347946167,"y":-0.007319450378417969,"z":0.0024573802947998049},"rotation":{"x":0.04058704897761345,"y":-0.43019062280654909,"z":0.019203640520572664,"w":0.9015512466430664},"size":1.1660066843032838,"orthographic":false}